Year/Month,Longitude,Latitude,S-S1,S-Median,S-S5,S-Mean,S-Observation number,S-Standard deviation,S-Mean day of the month,S-Fraction of daylight observations,S-Mean Longitude,S-Mean Latitude,A-S1,A-Median,A-S5,A-Mean,A-Observation number,A-Standard deviation,A-Mean day of the month,A-Fraction of daylight observations,A-Mean Longitude,A-Mean Latitude,Q-S1,Q-Median,Q-S5,Q-Mean,Q-Observation number,Q-Standard deviation,Q-Mean day of the month,Q-Fraction of daylight observations,Q-Mean Longitude,Q-Mean Latitude,R-S1_x,R-Median_x,R-S5_x,R-Mean_x,R-Observation number_x,R-Standard deviation_x,R-Mean day of the month_x,R-Fraction of daylight observations_x,R-Mean Longitude_x,R-Mean Latitude_x,W-S1,W-Median,W-S5,W-Mean,W-Observation number,W-Standard deviation,W-Mean day of the month,W-Fraction of daylight observations,W-Mean Longitude,W-Mean Latitude,U-S1,U-Median,U-S5,U-Mean,U-Observation number,U-Standard deviation,U-Mean day of the month,U-Fraction of daylight observations,U-Mean Longitude,U-Mean Latitude,V-S1,V-Median,V-S5,V-Mean,V-Observation number,V-Standard deviation,V-Mean day of the month,V-Fraction of daylight observations,V-Mean Longitude,V-Mean Latitude,P-S1,P-Median,P-S5,P-Mean,P-Observation number,P-Standard deviation,P-Mean day of the month,P-Fraction of daylight observations,P-Mean Longitude,P-Mean Latitude,C-S1,C-Median,C-S5,C-Mean,C-Observation number,C-Standard deviation,C-Mean day of the month,C-Fraction of daylight observations,C-Mean Longitude,C-Mean Latitude,R-S1_y,R-Median_y,R-S5_y,R-Mean_y,R-Observation number_y,R-Standard deviation_y,R-Mean day of the month_y,R-Fraction of daylight observations_y,R-Mean Longitude_y,R-Mean Latitude_y,X=W*U-S1,X=W*U-Median,X=W*U-S5,X=W*U-Mean,X=W*U-Observation number,X=W*U-Standard deviation,X=W*U-Mean day of the month,X=W*U-Fraction of daylight observations,X=W*U-Mean Longitude,X=W*U-Mean Latitude,Y=W*V-S1,Y=W*V-Median,Y=W*V-S5,Y=W*V-Mean,Y=W*V-Observation number,Y=W*V-Standard deviation,Y=W*V-Mean day of the month,Y=W*V-Fraction of daylight observations,Y=W*V-Mean Longitude,Y=W*V-Mean Latitude,I=U*A-S1,I=U*A-Median,I=U*A-S5,I=U*A-Mean,I=U*A-Observation number,I=U*A-Standard deviation,I=U*A-Mean day of the month,I=U*A-Fraction of daylight observations,I=U*A-Mean Longitude,I=U*A-Mean Latitude,J=V*A-S1,J=V*A-Median,J=V*A-S5,J=V*A-Mean,J=V*A-Observation number,J=V*A-Standard deviation,J=V*A-Mean day of the month,J=V*A-Fraction of daylight observations,J=V*A-Mean Longitude,J=V*A-Mean Latitude,K=U*Q-S1,K=U*Q-Median,K=U*Q-S5,K=U*Q-Mean,K=U*Q-Observation number,K=U*Q-Standard deviation,K=U*Q-Mean day of the month,K=U*Q-Fraction of daylight observations,K=U*Q-Mean Longitude,K=U*Q-Mean Latitude,L=V*Q-S1,L=V*Q-Median,L=V*Q-S5,L=V*Q-Mean,L=V*Q-Observation number,L=V*Q-Standard deviation,L=V*Q-Mean day of the month,L=V*Q-Fraction of daylight observations,L=V*Q-Mean Longitude,L=V*Q-Mean Latitude,M=(QS-Q)*U-S1,M=(QS-Q)*U-Median,M=(QS-Q)*U-S5,M=(QS-Q)*U-Mean,M=(QS-Q)*U-Observation number,M=(QS-Q)*U-Standard deviation,M=(QS-Q)*U-Mean day of the month,M=(QS-Q)*U-Fraction of daylight observations,M=(QS-Q)*U-Mean Longitude,M=(QS-Q)*U-Mean Latitude,N=(QS-Q)*V-S1,N=(QS-Q)*V-Median,N=(QS-Q)*V-S5,N=(QS-Q)*V-Mean,N=(QS-Q)*V-Observation number,N=(QS-Q)*V-Standard deviation,N=(QS-Q)*V-Mean day of the month,N=(QS-Q)*V-Fraction of daylight observations,N=(QS-Q)*V-Mean Longitude,N=(QS-Q)*V-Mean Latitude,B1=W*W*W-S1,B1=W*W*W-Median,B1=W*W*W-S5,B1=W*W*W-Mean,B1=W*W*W-Observation number,B1=W*W*W-Standard deviation,B1=W*W*W-Mean day of the month,B1=W*W*W-Fraction of daylight observations,B1=W*W*W-Mean Longitude,B1=W*W*W-Mean Latitude,B2=W*W*W-S1,B2=W*W*W-Median,B2=W*W*W-S5,B2=W*W*W-Mean,B2=W*W*W-Observation number,B2=W*W*W-Standard deviation,B2=W*W*W-Mean day of the month,B2=W*W*W-Fraction of daylight observations,B2=W*W*W-Mean Longitude,B2=W*W*W-Mean Latitude
1813/5,8.0,-36.0,,,,,,,,,,,,,,,,,,,,,,,,,,,,,,,,,,,,,,,,,3.25,4.65,6.05,4.65,2,2.9,2,1.0,0.2,0.1,-3.39,-2.43,-1.46,-2.43,2,2.0,2,1.0,0.2,0.1,-5.0,-3.94,-2.88,-3.94,2,2.19,2,1.0,0.2,0.1,1019.0,1019.0,1019.0,1019.0,1,0.0,2,1.0,0.0,0.1,,,,,,,,,,,,,,,,,,,,,,,,,,,,,,,,,,,,,,,,,,,,,,,,,,,,,,,,,,,,,,,,,,,,,,,,,,,,,,,,,,,,,,,,,,,,,,,,,,,,,,,,,,,,,,,,,,,,,,,,
1813/5,10.0,-38.0,,,,,,,,,,,,,,,,,,,,,,,,,,,,,,,,,,,,,,,,,2.6,2.6,2.6,2.6,3,0.0,2,1.0,0.3,1.0,2.47,2.6,2.6,2.54,3,0.11,2,1.0,0.3,1.0,-0.65,0.05,0.05,-0.29,3,0.59,2,1.0,0.3,1.0,1009.9,1009.9,1009.9,1009.9,1,0.0,2,1.0,0.3,1.0,,,,,,,,,,,,,,,,,,,,,,,,,,,,,,,,,,,,,,,,,,,,,,,,,,,,,,,,,,,,,,,,,,,,,,,,,,,,,,,,,,,,,,,,,,,,,,,,,,,,,,,,,,,,,,,,,,,,,,,,
1813/5,12.0,-30.0,,,,,,,,,,,,,,,,,,,,,,,,,,,,,,,,,,,,,,,,,1.0,1.0,1.0,1.0,1,0.0,28,1.0,0.8,0.4,-0.42,-0.42,-0.42,-0.42,1,0.0,28,1.0,0.8,0.4,0.91,0.91,0.91,0.91,1,0.0,28,1.0,0.8,0.4,1021.8,1021.8,1021.8,1021.8,1,0.0,28,1.0,0.9,0.5,,,,,,,,,,,,,,,,,,,,,,,,,,,,,,,,,,,,,,,,,,,,,,,,,,,,,,,,,,,,,,,,,,,,,,,,,,,,,,,,,,,,,,,,,,,,,,,,,,,,,,,,,,,,,,,,,,,,,,,,
1813/5,14.0,-38.0,,,,,,,,,,,,,,,,,,,,,,,,,,,,,,,,,,,,,,,,,2.6,2.6,2.6,2.6,1,0.0,2,1.0,0.4,0.9,1.93,1.93,1.93,1.93,1,0.0,2,1.0,0.4,0.9,-1.74,-1.74,-1.74,-1.74,1,0.0,2,1.0,0.4,0.9,1015.5,1015.5,1015.5,1015.5,1,0.0,2,1.0,0.4,0.9,,,,,,,,,,,,,,,,,,,,,,,,,,,,,,,,,,,,,,,,,,,,,,,,,,,,,,,,,,,,,,,,,,,,,,,,,,,,,,,,,,,,,,,,,,,,,,,,,,,,,,,,,,,,,,,,,,,,,,,,
1813/5,14.0,-36.0,,,,,,,,,,,,,,,,,,,,,,,,,,,,,,,,,,,,,,,,,12.3,12.3,12.3,12.3,1,0.0,4,1.0,0.7,0.5,-3.18,-3.18,-3.18,-3.18,1,0.0,4,1.0,0.7,0.5,11.88,11.88,11.88,11.88,1,0.0,4,1.0,0.7,0.5,1007.08,1010.4,1013.83,1010.45,4,4.24,10,1.0,0.7,0.6,,,,,,,,,,,,,,,,,,,,,,,,,,,,,,,,,,,,,,,,,,,,,,,,,,,,,,,,,,,,,,,,,,,,,,,,,,,,,,,,,,,,,,,,,,,,,,,,,,,,,,,,,,,,,,,,,,,,,,,,
1813/5,14.0,-32.0,,,,,,,,,,,,,,,,,,,,,,,,,,,,,,,,,,,,,,,,,6.7,6.7,6.7,6.7,2,0.0,26,1.0,0.8,0.5,6.12,6.33,6.54,6.33,2,0.43,26,1.0,0.8,0.5,-0.32,1.0,2.32,1.0,2,2.74,26,1.0,0.8,0.5,1018.5,1018.5,1018.5,1018.5,2,0.0,26,1.0,0.8,0.5,,,,,,,,,,,,,,,,,,,,,,,,,,,,,,,,,,,,,,,,,,,,,,,,,,,,,,,,,,,,,,,,,,,,,,,,,,,,,,,,,,,,,,,,,,,,,,,,,,,,,,,,,,,,,,,,,,,,,,,,
1813/5,16.0,-36.0,,,,,,,,,,,,,,,,,,,,,,,,,,,,,,,,,,,,,,,,,0.0,0.0,0.0,0.0,1,0.0,12,1.0,0.7,0.2,0.0,0.0,0.0,0.0,1,0.0,12,1.0,0.7,0.2,0.0,0.0,0.0,0.0,1,0.0,12,1.0,0.7,0.2,1015.6,1015.6,1015.6,1015.6,2,0.0,16,1.0,0.3,0.2,,,,,,,,,,,,,,,,,,,,,,,,,,,,,,,,,,,,,,,,,,,,,,,,,,,,,,,,,,,,,,,,,,,,,,,,,,,,,,,,,,,,,,,,,,,,,,,,,,,,,,,,,,,,,,,,,,,,,,,,
1813/5,18.0,-36.0,,,,,,,,,,,,,,,,,,,,,,,,,,,,,,,,,,,,,,,,,0.0,1.0,2.8,1.61,7,2.43,22,1.0,0.4,0.6,0.0,0.6,1.74,1.17,7,1.84,22,1.0,0.4,0.6,-2.18,0.0,0.02,-0.96,7,1.69,22,1.0,0.4,0.6,1006.42,1013.95,1022.47,1014.43,4,9.8,14,1.0,0.4,0.6,,,,,,,,,,,,,,,,,,,,,,,,,,,,,,,,,,,,,,,,,,,,,,,,,,,,,,,,,,,,,,,,,,,,,,,,,,,,,,,,,,,,,,,,,,,,,,,,,,,,,,,,,,,,,,,,,,,,,,,,
1813/5,20.0,-38.0,,,,,,,,,,,,,,,,,,,,,,,,,,,,,,,,,,,,,,,,,9.3,9.3,9.3,9.3,2,0.0,24,1.0,0.5,0.7,8.95,9.07,9.19,9.07,2,0.25,24,1.0,0.5,0.7,-2.44,-1.85,-1.25,-1.85,2,1.24,24,1.0,0.5,0.7,1016.0,1016.0,1016.0,1016.0,1,0.0,24,1.0,0.1,0.5,,,,,,,,,,,,,,,,,,,,,,,,,,,,,,,,,,,,,,,,,,,,,,,,,,,,,,,,,,,,,,,,,,,,,,,,,,,,,,,,,,,,,,,,,,,,,,,,,,,,,,,,,,,,,,,,,,,,,,,,
1813/5,20.0,-36.0,,,,,,,,,,,,,,,,,,,,,,,,,,,,,,,,,,,,,,,,,9.3,9.3,9.3,9.3,1,0.0,10,1.0,0.7,0.3,-8.89,-8.89,-8.89,-8.89,1,0.0,10,1.0,0.7,0.3,-2.72,-2.72,-2.72,-2.72,1,0.0,10,1.0,0.7,0.3,1005.92,1012.35,1016.87,1012.42,6,6.43,22,1.0,0.3,0.4,,,,,,,,,,,,,,,,,,,,,,,,,,,,,,,,,,,,,,,,,,,,,,,,,,,,,,,,,,,,,,,,,,,,,,,,,,,,,,,,,,,,,,,,,,,,,,,,,,,,,,,,,,,,,,,,,,,,,,,,
1813/5,22.0,-36.0,,,,,,,,,,,,,,,,,,,,,,,,,,,,,,,,,,,,,,,,,5.32,8.0,9.92,7.38,6,4.17,22,1.0,0.6,0.6,-7.06,-2.15,8.97,-0.35,6,7.94,22,1.0,0.6,0.6,-5.67,0.41,2.12,-1.23,6,4.22,22,1.0,0.6,0.6,1005.92,1013.7,1018.45,1012.66,5,8.18,22,1.0,0.5,0.5,,,,,,,,,,,,,,,,,,,,,,,,,,,,,,,,,,,,,,,,,,,,,,,,,,,,,,,,,,,,,,,,,,,,,,,,,,,,,,,,,,,,,,,,,,,,,,,,,,,,,,,,,,,,,,,,,,,,,,,,
1813/5,24.0,-36.0,,,,,,,,,,,,,,,,,,,,,,,,,,,,,,,,,,,,,,,,,3.71,8.0,16.27,9.9,4,9.15,20,1.0,0.5,0.5,0.85,3.01,12.8,6.65,4,8.97,20,1.0,0.5,0.5,1.81,6.79,10.15,6.02,4,5.16,20,1.0,0.5,0.5,1008.07,1015.3,1022.21,1015.15,4,8.16,24,1.0,0.6,0.5,,,,,,,,,,,,,,,,,,,,,,,,,,,,,,,,,,,,,,,,,,,,,,,,,,,,,,,,,,,,,,,,,,,,,,,,,,,,,,,,,,,,,,,,,,,,,,,,,,,,,,,,,,,,,,,,,,,,,,,,
1813/5,26.0,-36.0,,,,,,,,,,,,,,,,,,,,,,,,,,,,,,,,,,,,,,,,,1.06,3.35,5.64,3.35,2,4.74,22,1.0,0.5,0.6,0.29,0.92,1.55,0.92,2,1.31,22,1.0,0.5,0.6,1.02,3.22,5.42,3.22,2,4.55,22,1.0,0.5,0.6,1008.23,1011.6,1015.15,1012.02,5,4.95,20,1.0,0.7,0.6,,,,,,,,,,,,,,,,,,,,,,,,,,,,,,,,,,,,,,,,,,,,,,,,,,,,,,,,,,,,,,,,,,,,,,,,,,,,,,,,,,,,,,,,,,,,,,,,,,,,,,,,,,,,,,,,,,,,,,,,
1813/5,28.0,-34.0,,,,,,,,,,,,,,,,,,,,,,,,,,,,,,,,,,,,,,,,,6.7,6.7,6.7,6.7,1,0.0,18,1.0,0.7,0.4,-5.06,-5.06,-5.06,-5.06,1,0.0,18,1.0,0.7,0.4,-4.4,-4.4,-4.4,-4.4,1,0.0,18,1.0,0.7,0.4,1014.93,1017.15,1019.37,1017.15,2,4.6,20,1.0,0.4,0.3,,,,,,,,,,,,,,,,,,,,,,,,,,,,,,,,,,,,,,,,,,,,,,,,,,,,,,,,,,,,,,,,,,,,,,,,,,,,,,,,,,,,,,,,,,,,,,,,,,,,,,,,,,,,,,,,,,,,,,,,
1813/5,30.0,-34.0,,,,,,,,,,,,,,,,,,,,,,,,,,,,,,,,,,,,,,,,,0.16,0.5,0.84,0.5,2,0.71,16,1.0,0.4,0.8,-0.84,-0.5,-0.16,-0.5,2,0.7,16,1.0,0.4,0.8,-0.1,-0.06,-0.02,-0.06,2,0.09,16,1.0,0.4,0.8,1019.42,1021.6,1021.8,1020.63,3,1.94,18,1.0,0.5,0.8,,,,,,,,,,,,,,,,,,,,,,,,,,,,,,,,,,,,,,,,,,,,,,,,,,,,,,,,,,,,,,,,,,,,,,,,,,,,,,,,,,,,,,,,,,,,,,,,,,,,,,,,,,,,,,,,,,,,,,,,
1813/5,32.0,-34.0,,,,,,,,,,,,,,,,,,,,,,,,,,,,,,,,,,,,,,,,,6.7,9.5,15.81,11.18,4,5.85,20,1.0,0.4,0.8,0.63,6.3,11.25,5.96,4,6.17,20,1.0,0.4,0.8,-0.66,6.2,10.91,5.17,4,8.92,20,1.0,0.4,0.8,1011.44,1011.7,1015.15,1013.23,4,3.32,20,1.0,0.4,0.8,,,,,,,,,,,,,,,,,,,,,,,,,,,,,,,,,,,,,,,,,,,,,,,,,,,,,,,,,,,,,,,,,,,,,,,,,,,,,,,,,,,,,,,,,,,,,,,,,,,,,,,,,,,,,,,,,,,,,,,,
1813/5,32.0,-32.0,,,,,,,,,,,,,,,,,,,,,,,,,,,,,,,,,,,,,,,,,6.7,6.7,6.7,6.7,1,0.0,14,1.0,0.8,0.4,1.85,1.85,1.85,1.85,1,0.0,14,1.0,0.8,0.4,6.44,6.44,6.44,6.44,1,0.0,14,1.0,0.8,0.4,1016.76,1021.4,1021.47,1019.17,3,3.96,14,1.0,0.6,0.3,,,,,,,,,,,,,,,,,,,,,,,,,,,,,,,,,,,,,,,,,,,,,,,,,,,,,,,,,,,,,,,,,,,,,,,,,,,,,,,,,,,,,,,,,,,,,,,,,,,,,,,,,,,,,,,,,,,,,,,,
1813/5,34.0,-34.0,,,,,,,,,,,,,,,,,,,,,,,,,,,,,,,,,,,,,,,,,6.7,6.7,6.7,6.7,1,0.0,30,1.0,0.9,0.1,5.06,5.06,5.06,5.06,1,0.0,30,1.0,0.9,0.1,4.4,4.4,4.4,4.4,1,0.0,30,1.0,0.9,0.1,1025.5,1025.5,1025.5,1025.5,1,0.0,30,1.0,0.8,0.1,,,,,,,,,,,,,,,,,,,,,,,,,,,,,,,,,,,,,,,,,,,,,,,,,,,,,,,,,,,,,,,,,,,,,,,,,,,,,,,,,,,,,,,,,,,,,,,,,,,,,,,,,,,,,,,,,,,,,,,,
1813/5,34.0,-32.0,,,,,,,,,,,,,,,,,,,,,,,,,,,,,,,,,,,,,,,,,0.32,1.0,4.89,2.57,3,3.61,14,1.0,0.4,0.4,-0.08,0.0,0.56,0.23,3,0.51,14,1.0,0.4,0.4,-4.54,0.0,0.68,-1.89,3,4.16,14,1.0,0.4,0.4,1007.56,1010.7,1017.22,1012.14,5,5.05,14,1.0,0.6,0.3,,,,,,,,,,,,,,,,,,,,,,,,,,,,,,,,,,,,,,,,,,,,,,,,,,,,,,,,,,,,,,,,,,,,,,,,,,,,,,,,,,,,,,,,,,,,,,,,,,,,,,,,,,,,,,,,,,,,,,,,
1813/5,36.0,-34.0,,,,,,,,,,,,,,,,,,,,,,,,,,,,,,,,,,,,,,,,,1.0,1.0,1.0,1.0,1,0.0,30,1.0,0.2,0.3,0.87,0.87,0.87,0.87,1,0.0,30,1.0,0.2,0.3,0.48,0.48,0.48,0.48,1,0.0,30,1.0,0.2,0.3,1017.9,1017.9,1017.9,1017.9,1,0.0,30,1.0,0.2,0.3,,,,,,,,,,,,,,,,,,,,,,,,,,,,,,,,,,,,,,,,,,,,,,,,,,,,,,,,,,,,,,,,,,,,,,,,,,,,,,,,,,,,,,,,,,,,,,,,,,,,,,,,,,,,,,,,,,,,,,,,
1813/5,36.0,-32.0,,,,,,,,,,,,,,,,,,,,,,,,,,,,,,,,,,,,,,,,,9.3,9.3,9.3,9.3,1,0.0,14,1.0,0.9,0.3,2.56,2.56,2.56,2.56,1,0.0,14,1.0,0.9,0.3,8.94,8.94,8.94,8.94,1,0.0,14,1.0,0.9,0.3,1012.18,1014.3,1016.83,1014.5,3,3.4,14,1.0,0.5,0.4,,,,,,,,,,,,,,,,,,,,,,,,,,,,,,,,,,,,,,,,,,,,,,,,,,,,,,,,,,,,,,,,,,,,,,,,,,,,,,,,,,,,,,,,,,,,,,,,,,,,,,,,,,,,,,,,,,,,,,,,
1813/5,40.0,-32.0,,,,,,,,,,,,,,,,,,,,,,,,,,,,,,,,,,,,,,,,,9.3,9.3,9.3,9.3,2,0.0,12,1.0,0.2,0.8,-9.12,-8.78,-8.44,-8.78,2,0.7,12,1.0,0.2,0.8,-3.66,-2.44,-1.22,-2.44,2,2.53,12,1.0,0.2,0.8,1015.3,1017.65,1020.01,1017.65,2,4.88,12,1.0,0.2,0.8,,,,,,,,,,,,,,,,,,,,,,,,,,,,,,,,,,,,,,,,,,,,,,,,,,,,,,,,,,,,,,,,,,,,,,,,,,,,,,,,,,,,,,,,,,,,,,,,,,,,,,,,,,,,,,,,,,,,,,,,
1813/5,42.0,-32.0,,,,,,,,,,,,,,,,,,,,,,,,,,,,,,,,,,,,,,,,,7.11,8.0,8.89,8.0,2,1.84,10,1.0,0.9,1.0,-8.39,-7.41,-6.43,-7.41,2,2.03,10,1.0,0.9,1.0,-2.1,-0.08,1.94,-0.08,2,4.18,10,1.0,0.9,1.0,1017.66,1017.8,1017.94,1017.8,2,0.28,10,1.0,0.9,1.0,,,,,,,,,,,,,,,,,,,,,,,,,,,,,,,,,,,,,,,,,,,,,,,,,,,,,,,,,,,,,,,,,,,,,,,,,,,,,,,,,,,,,,,,,,,,,,,,,,,,,,,,,,,,,,,,,,,,,,,,
1813/5,46.0,-30.0,,,,,,,,,,,,,,,,,,,,,,,,,,,,,,,,,,,,,,,,,12.3,12.3,12.3,12.3,1,0.0,30,1.0,0.3,1.0,8.23,8.23,8.23,8.23,1,0.0,30,1.0,0.3,1.0,9.14,9.14,9.14,9.14,1,0.0,30,1.0,0.3,1.0,1007.91,1010.5,1013.16,1010.53,3,3.85,16,1.0,0.5,0.6,,,,,,,,,,,,,,,,,,,,,,,,,,,,,,,,,,,,,,,,,,,,,,,,,,,,,,,,,,,,,,,,,,,,,,,,,,,,,,,,,,,,,,,,,,,,,,,,,,,,,,,,,,,,,,,,,,,,,,,,
1813/5,48.0,-28.0,,,,,,,,,,,,,,,,,,,,,,,,,,,,,,,,,,,,,,,,,3.9,6.7,6.7,5.33,3,2.37,8,1.0,0.5,0.3,-5.6,-3.65,-2.88,-4.22,3,2.05,8,1.0,0.5,0.3,-4.35,-1.62,-0.94,-2.62,3,2.64,8,1.0,0.5,0.3,1018.23,1023.9,1024.1,1021.23,3,4.88,8,1.0,0.6,0.3,,,,,,,,,,,,,,,,,,,,,,,,,,,,,,,,,,,,,,,,,,,,,,,,,,,,,,,,,,,,,,,,,,,,,,,,,,,,,,,,,,,,,,,,,,,,,,,,,,,,,,,,,,,,,,,,,,,,,,,,
1813/5,50.0,-28.0,,,,,,,,,,,,,,,,,,,,,,,,,,,,,,,,,,,,,,,,,1.24,4.65,8.06,4.65,4,4.15,16,1.0,0.5,0.8,-4.4,-1.21,0.09,-2.12,4,2.97,16,1.0,0.5,0.8,-4.87,0.49,1.78,-1.45,4,5.33,16,1.0,0.5,0.8,1020.74,1022.4,1024.06,1022.4,4,1.93,6,1.0,0.6,0.6,,,,,,,,,,,,,,,,,,,,,,,,,,,,,,,,,,,,,,,,,,,,,,,,,,,,,,,,,,,,,,,,,,,,,,,,,,,,,,,,,,,,,,,,,,,,,,,,,,,,,,,,,,,,,,,,,,,,,,,,
1813/5,52.0,-28.0,,,,,,,,,,,,,,,,,,,,,,,,,,,,,,,,,,,,,,,,,6.7,6.7,6.7,6.7,2,0.0,4,1.0,0.9,0.7,-1.46,1.02,3.5,1.02,2,5.14,4,1.0,0.9,0.7,5.03,5.49,5.95,5.49,2,0.95,4,1.0,0.9,0.7,1017.6,1019.1,1020.71,1019.15,4,1.8,4,1.0,0.5,0.7,,,,,,,,,,,,,,,,,,,,,,,,,,,,,,,,,,,,,,,,,,,,,,,,,,,,,,,,,,,,,,,,,,,,,,,,,,,,,,,,,,,,,,,,,,,,,,,,,,,,,,,,,,,,,,,,,,,,,,,,
1813/5,56.0,-28.0,,,,,,,,,,,,,,,,,,,,,,,,,,,,,,,,,,,,,,,,,6.7,6.7,6.7,6.7,1,0.0,2,1.0,0.3,0.8,1.16,1.16,1.16,1.16,1,0.0,2,1.0,0.3,0.8,-6.6,-6.6,-6.6,-6.6,1,0.0,2,1.0,0.3,0.8,1014.1,1014.1,1014.1,1014.1,1,0.0,2,1.0,0.6,0.8,,,,,,,,,,,,,,,,,,,,,,,,,,,,,,,,,,,,,,,,,,,,,,,,,,,,,,,,,,,,,,,,,,,,,,,,,,,,,,,,,,,,,,,,,,,,,,,,,,,,,,,,,,,,,,,,,,,,,,,,
1813/5,58.0,-24.0,,,,,,,,,,,,,,,,,,,,,,,,,,,,,,,,,,,,,,,,,9.3,9.3,9.3,9.3,1,0.0,20,1.0,0.4,0.4,-8.13,-8.13,-8.13,-8.13,1,0.0,20,1.0,0.4,0.4,-4.51,-4.51,-4.51,-4.51,1,0.0,20,1.0,0.4,0.4,1013.3,1013.3,1013.3,1013.3,1,0.0,20,1.0,0.4,0.4,,,,,,,,,,,,,,,,,,,,,,,,,,,,,,,,,,,,,,,,,,,,,,,,,,,,,,,,,,,,,,,,,,,,,,,,,,,,,,,,,,,,,,,,,,,,,,,,,,,,,,,,,,,,,,,,,,,,,,,,
1813/5,60.0,12.0,,,,,,,,,,,,,,,,,,,,,,,,,,,,,,,,,,,,,,,,,1.0,1.0,1.0,1.0,1,0.0,2,1.0,0.4,0.5,0.44,0.44,0.44,0.44,1,0.0,2,1.0,0.4,0.5,-0.9,-0.9,-0.9,-0.9,1,0.0,2,1.0,0.4,0.5,1003.48,1005.8,1008.12,1005.8,2,4.81,2,1.0,0.6,0.5,,,,,,,,,,,,,,,,,,,,,,,,,,,,,,,,,,,,,,,,,,,,,,,,,,,,,,,,,,,,,,,,,,,,,,,,,,,,,,,,,,,,,,,,,,,,,,,,,,,,,,,,,,,,,,,,,,,,,,,,
1813/5,62.0,12.0,,,,,,,,,,,,,,,,,,,,,,,,,,,,,,,,,,,,,,,,,1.25,1.8,2.35,1.8,2,1.13,4,1.0,0.2,0.7,1.15,1.6,2.04,1.6,2,0.92,4,1.0,0.2,0.7,-1.15,-0.81,-0.48,-0.81,2,0.69,4,1.0,0.2,0.7,1002.03,1002.1,1005.79,1003.87,3,3.15,2,1.0,0.4,0.7,,,,,,,,,,,,,,,,,,,,,,,,,,,,,,,,,,,,,,,,,,,,,,,,,,,,,,,,,,,,,,,,,,,,,,,,,,,,,,,,,,,,,,,,,,,,,,,,,,,,,,,,,,,,,,,,,,,,,,,,
1813/5,324.0,16.0,,,,,,,,,,,,,,,,,,,,,,,,,,,,,,,,,,,,,,,,,9.3,9.3,9.44,9.73,7,1.13,2,1.0,0.7,0.5,-9.33,-8.74,-7.89,-9.11,7,1.44,2,1.0,0.7,0.5,-4.93,-3.18,-1.45,-3.01,7,1.5,2,1.0,0.7,0.5,1013.54,1014.7,1015.18,1014.37,3,1.23,2,1.0,0.8,0.5,,,,,,,,,,,,,,,,,,,,,,,,,,,,,,,,,,,,,,,,,,,,,,,,,,,,,,,,,,,,,,,,,,,,,,,,,,,,,,,,,,,,,,,,,,,,,,,,,,,,,,,,,,,,,,,,,,,,,,,,
1813/5,324.0,18.0,,,,,,,,,,,,,,,,,,,,,,,,,,,,,,,,,,,,,,,,,12.3,12.3,12.3,12.3,3,0.0,4,1.0,0.3,0.8,-11.4,-11.4,-10.66,-11.04,3,0.63,4,1.0,0.3,0.8,-6.04,-4.61,-4.61,-5.3,3,1.21,4,1.0,0.3,0.8,1013.16,1014.85,1017.39,1015.2,6,2.07,4,1.0,0.3,0.8,,,,,,,,,,,,,,,,,,,,,,,,,,,,,,,,,,,,,,,,,,,,,,,,,,,,,,,,,,,,,,,,,,,,,,,,,,,,,,,,,,,,,,,,,,,,,,,,,,,,,,,,,,,,,,,,,,,,,,,,
1813/5,324.0,22.0,,,,,,,,,,,,,,,,,,,,,,,,,,,,,,,,,,,,,,,,,9.3,12.3,12.3,10.85,8,2.16,4,1.0,0.1,0.2,-12.07,-11.72,-9.15,-10.35,8,2.59,4,1.0,0.1,0.2,-2.35,-2.06,2.27,-0.77,8,3.05,4,1.0,0.1,0.2,1017.06,1017.9,1019.03,1017.89,8,1.5,4,1.0,0.2,0.4,,,,,,,,,,,,,,,,,,,,,,,,,,,,,,,,,,,,,,,,,,,,,,,,,,,,,,,,,,,,,,,,,,,,,,,,,,,,,,,,,,,,,,,,,,,,,,,,,,,,,,,,,,,,,,,,,,,,,,,,
1813/5,324.0,26.0,,,,,,,,,,,,,,,,,,,,,,,,,,,,,,,,,,,,,,,,,0.63,1.0,1.0,0.8,5,0.45,8,1.0,0.9,0.4,0.54,0.85,0.99,0.73,5,0.42,8,1.0,0.9,0.4,-0.53,-0.16,-0.1,-0.27,5,0.24,8,1.0,0.9,0.4,1015.34,1016.2,1017.4,1016.36,8,1.12,8,1.0,0.8,0.2,,,,,,,,,,,,,,,,,,,,,,,,,,,,,,,,,,,,,,,,,,,,,,,,,,,,,,,,,,,,,,,,,,,,,,,,,,,,,,,,,,,,,,,,,,,,,,,,,,,,,,,,,,,,,,,,,,,,,,,,
1813/5,326.0,14.0,,,,,,,,,,,,,,,,,,,,,,,,,,,,,,,,,,,,,,,,,9.3,9.3,9.3,9.3,3,0.0,2,1.0,0.3,0.5,-8.43,-6.8,-6.8,-7.6,3,1.38,2,1.0,0.3,0.5,-6.34,-6.34,-3.01,-4.71,3,2.82,2,1.0,0.3,0.5,1011.98,1012.8,1012.8,1012.4,3,0.69,2,1.0,0.2,0.5,,,,,,,,,,,,,,,,,,,,,,,,,,,,,,,,,,,,,,,,,,,,,,,,,,,,,,,,,,,,,,,,,,,,,,,,,,,,,,,,,,,,,,,,,,,,,,,,,,,,,,,,,,,,,,,,,,,,,,,,
1813/5,326.0,28.0,,,,,,,,,,,,,,,,,,,,,,,,,,,,,,,,,,,,,,,,,6.7,6.7,6.7,6.7,2,0.0,10,1.0,0.3,0.2,5.02,5.29,5.56,5.29,2,0.55,10,1.0,0.3,0.2,-4.41,-4.06,-3.71,-4.06,2,0.72,10,1.0,0.3,0.2,1014.5,1014.5,1014.5,1014.5,1,0.0,10,1.0,0.3,0.2,,,,,,,,,,,,,,,,,,,,,,,,,,,,,,,,,,,,,,,,,,,,,,,,,,,,,,,,,,,,,,,,,,,,,,,,,,,,,,,,,,,,,,,,,,,,,,,,,,,,,,,,,,,,,,,,,,,,,,,,
1813/5,326.0,30.0,,,,,,,,,,,,,,,,,,,,,,,,,,,,,,,,,,,,,,,,,7.53,9.3,11.35,9.43,3,2.8,10,1.0,0.9,0.0,6.01,8.05,9.83,7.92,3,2.8,10,1.0,0.9,0.0,-5.67,-4.65,-4.48,-5.07,3,0.95,10,1.0,0.9,0.0,1012.58,1014.7,1016.34,1014.47,3,2.76,10,1.0,0.8,0.0,,,,,,,,,,,,,,,,,,,,,,,,,,,,,,,,,,,,,,,,,,,,,,,,,,,,,,,,,,,,,,,,,,,,,,,,,,,,,,,,,,,,,,,,,,,,,,,,,,,,,,,,,,,,,,,,,,,,,,,,
1813/5,328.0,-20.0,,,,,,,,,,,,,,,,,,,,,,,,,,,,,,,,,,,,,,,,,0.16,0.5,0.84,0.5,2,0.71,30,1.0,0.5,0.6,-0.84,-0.5,-0.16,-0.5,2,0.71,30,1.0,0.5,0.6,-0.01,-0.01,0.0,-0.01,2,0.01,30,1.0,0.5,0.6,1009.5,1009.5,1009.5,1009.5,1,0.0,30,1.0,0.3,0.6,,,,,,,,,,,,,,,,,,,,,,,,,,,,,,,,,,,,,,,,,,,,,,,,,,,,,,,,,,,,,,,,,,,,,,,,,,,,,,,,,,,,,,,,,,,,,,,,,,,,,,,,,,,,,,,,,,,,,,,,
1813/5,328.0,26.0,,,,,,,,,,,,,,,,,,,,,,,,,,,,,,,,,,,,,,,,,2.6,2.6,2.6,2.6,1,0.0,8,1.0,0.2,0.3,2.2,2.2,2.2,2.2,1,0.0,8,1.0,0.2,0.3,-1.38,-1.38,-1.38,-1.38,1,0.0,8,1.0,0.2,0.3,1018.2,1018.2,1018.2,1018.2,1,0.0,8,1.0,0.1,0.0,,,,,,,,,,,,,,,,,,,,,,,,,,,,,,,,,,,,,,,,,,,,,,,,,,,,,,,,,,,,,,,,,,,,,,,,,,,,,,,,,,,,,,,,,,,,,,,,,,,,,,,,,,,,,,,,,,,,,,,,
1813/5,328.0,30.0,,,,,,,,,,,,,,,,,,,,,,,,,,,,,,,,,,,,,,,,,6.7,6.7,6.7,6.7,1,0.0,12,1.0,0.2,0.9,6.37,6.37,6.37,6.37,1,0.0,12,1.0,0.2,0.9,-2.07,-2.07,-2.07,-2.07,1,0.0,12,1.0,0.2,0.9,1013.81,1014.9,1015.04,1014.43,3,0.99,12,1.0,0.3,0.8,,,,,,,,,,,,,,,,,,,,,,,,,,,,,,,,,,,,,,,,,,,,,,,,,,,,,,,,,,,,,,,,,,,,,,,,,,,,,,,,,,,,,,,,,,,,,,,,,,,,,,,,,,,,,,,,,,,,,,,,
1813/5,328.0,40.0,,,,,,,,,,,,,,,,,,,,,,,,,,,,,,,,,,,,,,,,,0.0,0.5,1.0,0.5,6,0.55,24,1.0,0.8,0.8,0.0,0.2,0.92,0.37,6,0.45,24,1.0,0.8,0.8,-0.49,0.0,0.08,-0.15,6,0.45,24,1.0,0.8,0.8,1028.32,1033.8,1035.09,1031.03,6,7.48,24,1.0,0.8,0.8,,,,,,,,,,,,,,,,,,,,,,,,,,,,,,,,,,,,,,,,,,,,,,,,,,,,,,,,,,,,,,,,,,,,,,,,,,,,,,,,,,,,,,,,,,,,,,,,,,,,,,,,,,,,,,,,,,,,,,,,
1813/5,330.0,-26.0,,,,,,,,,,,,,,,,,,,,,,,,,,,,,,,,,,,,,,,,,12.3,12.3,12.3,12.3,1,0.0,28,1.0,0.5,0.2,-12.28,-12.28,-12.28,-12.28,1,0.0,28,1.0,0.5,0.2,-0.64,-0.64,-0.64,-0.64,1,0.0,28,1.0,0.5,0.2,1021.2,1021.2,1021.2,1021.2,1,0.0,28,1.0,0.5,0.2,,,,,,,,,,,,,,,,,,,,,,,,,,,,,,,,,,,,,,,,,,,,,,,,,,,,,,,,,,,,,,,,,,,,,,,,,,,,,,,,,,,,,,,,,,,,,,,,,,,,,,,,,,,,,,,,,,,,,,,,
1813/5,330.0,-24.0,,,,,,,,,,,,,,,,,,,,,,,,,,,,,,,,,,,,,,,,,12.3,12.3,12.3,12.3,1,0.0,28,1.0,0.9,0.9,-12.27,-12.27,-12.27,-12.27,1,0.0,28,1.0,0.9,0.9,-0.86,-0.86,-0.86,-0.86,1,0.0,28,1.0,0.9,0.9,1019.2,1019.2,1019.2,1019.2,1,0.0,28,1.0,0.5,0.4,,,,,,,,,,,,,,,,,,,,,,,,,,,,,,,,,,,,,,,,,,,,,,,,,,,,,,,,,,,,,,,,,,,,,,,,,,,,,,,,,,,,,,,,,,,,,,,,,,,,,,,,,,,,,,,,,,,,,,,,
1813/5,330.0,32.0,,,,,,,,,,,,,,,,,,,,,,,,,,,,,,,,,,,,,,,,,0.0,0.0,6.95,2.46,13,3.92,12,1.0,0.5,0.8,0.0,0.0,5.48,2.05,13,3.31,12,1.0,0.5,0.8,-4.23,0.0,0.0,-1.34,13,2.1,12,1.0,0.5,0.8,1013.89,1021.3,1025.31,1019.81,15,5.09,12,1.0,0.4,0.8,,,,,,,,,,,,,,,,,,,,,,,,,,,,,,,,,,,,,,,,,,,,,,,,,,,,,,,,,,,,,,,,,,,,,,,,,,,,,,,,,,,,,,,,,,,,,,,,,,,,,,,,,,,,,,,,,,,,,,,,
1813/5,330.0,40.0,,,,,,,,,,,,,,,,,,,,,,,,,,,,,,,,,,,,,,,,,4.36,8.0,9.3,7.48,10,3.09,22,1.0,0.4,0.7,-7.71,-0.82,5.9,-0.75,10,6.44,22,1.0,0.4,0.7,-7.75,-3.56,1.08,-3.22,10,4.25,22,1.0,0.4,0.7,1028.71,1031.4,1037.33,1031.82,19,4.56,22,1.0,0.4,0.7,,,,,,,,,,,,,,,,,,,,,,,,,,,,,,,,,,,,,,,,,,,,,,,,,,,,,,,,,,,,,,,,,,,,,,,,,,,,,,,,,,,,,,,,,,,,,,,,,,,,,,,,,,,,,,,,,,,,,,,,
1813/5,332.0,-30.0,,,,,,,,,,,,,,,,,,,,,,,,,,,,,,,,,,,,,,,,,12.3,12.3,12.3,12.3,1,0.0,30,1.0,0.4,0.5,-11.24,-11.24,-11.24,-11.24,1,0.0,30,1.0,0.4,0.5,-5.0,-5.0,-5.0,-5.0,1,0.0,30,1.0,0.4,0.5,1012.54,1016.5,1020.46,1016.5,2,8.2,30,1.0,0.5,0.5,,,,,,,,,,,,,,,,,,,,,,,,,,,,,,,,,,,,,,,,,,,,,,,,,,,,,,,,,,,,,,,,,,,,,,,,,,,,,,,,,,,,,,,,,,,,,,,,,,,,,,,,,,,,,,,,,,,,,,,,
1813/5,332.0,-20.0,,,,,,,,,,,,,,,,,,,,,,,,,,,,,,,,,,,,,,,,,12.3,12.3,12.3,12.3,1,0.0,30,1.0,0.7,0.5,-10.96,-10.96,-10.96,-10.96,1,0.0,30,1.0,0.7,0.5,-5.58,-5.58,-5.58,-5.58,1,0.0,30,1.0,0.7,0.5,1010.95,1013.85,1016.75,1013.85,2,6.01,28,1.0,0.4,0.7,,,,,,,,,,,,,,,,,,,,,,,,,,,,,,,,,,,,,,,,,,,,,,,,,,,,,,,,,,,,,,,,,,,,,,,,,,,,,,,,,,,,,,,,,,,,,,,,,,,,,,,,,,,,,,,,,,,,,,,,
1813/5,332.0,-12.0,,,,,,,,,,,,,,,,,,,,,,,,,,,,,,,,,,,,,,,,,12.3,12.3,12.3,12.3,1,0.0,22,1.0,0.6,0.7,-11.82,-11.82,-11.82,-11.82,1,0.0,22,1.0,0.6,0.7,3.39,3.39,3.39,3.39,1,0.0,22,1.0,0.6,0.7,1008.8,1008.8,1008.8,1008.8,1,0.0,20,1.0,0.3,0.1,,,,,,,,,,,,,,,,,,,,,,,,,,,,,,,,,,,,,,,,,,,,,,,,,,,,,,,,,,,,,,,,,,,,,,,,,,,,,,,,,,,,,,,,,,,,,,,,,,,,,,,,,,,,,,,,,,,,,,,,
1813/5,332.0,34.0,,,,,,,,,,,,,,,,,,,,,,,,,,,,,,,,,,,,,,,,,1.0,1.0,4.6,3.15,6,4.53,12,1.0,0.5,0.4,0.42,0.51,4.33,2.65,6,4.44,12,1.0,0.5,0.4,0.87,0.91,1.59,1.44,6,1.36,12,1.0,0.5,0.4,1021.69,1025.5,1027.65,1025.05,11,2.76,14,1.0,0.4,0.5,,,,,,,,,,,,,,,,,,,,,,,,,,,,,,,,,,,,,,,,,,,,,,,,,,,,,,,,,,,,,,,,,,,,,,,,,,,,,,,,,,,,,,,,,,,,,,,,,,,,,,,,,,,,,,,,,,,,,,,,
1813/5,332.0,36.0,,,,,,,,,,,,,,,,,,,,,,,,,,,,,,,,,,,,,,,,,0.0,1.0,1.0,0.84,9,0.82,18,1.0,0.8,0.4,-0.94,-0.93,0.0,-0.65,9,0.85,18,1.0,0.8,0.4,-0.78,-0.34,0.0,-0.36,9,0.36,18,1.0,0.8,0.4,1021.7,1026.05,1028.93,1025.35,4,5.0,18,1.0,1.0,0.4,,,,,,,,,,,,,,,,,,,,,,,,,,,,,,,,,,,,,,,,,,,,,,,,,,,,,,,,,,,,,,,,,,,,,,,,,,,,,,,,,,,,,,,,,,,,,,,,,,,,,,,,,,,,,,,,,,,,,,,,
1813/5,332.0,38.0,,,,,,,,,,,,,,,,,,,,,,,,,,,,,,,,,,,,,,,,,5.52,9.3,9.92,7.98,6,3.85,20,1.0,0.7,0.4,-8.96,-7.44,-4.64,-6.6,6,3.34,20,1.0,0.7,0.4,-6.47,-4.12,-2.71,-4.33,6,2.33,20,1.0,0.7,0.4,1025.58,1028.4,1030.6,1028.09,7,3.32,20,1.0,0.7,0.4,,,,,,,,,,,,,,,,,,,,,,,,,,,,,,,,,,,,,,,,,,,,,,,,,,,,,,,,,,,,,,,,,,,,,,,,,,,,,,,,,,,,,,,,,,,,,,,,,,,,,,,,,,,,,,,,,,,,,,,,
1813/5,332.0,40.0,,,,,,,,,,,,,,,,,,,,,,,,,,,,,,,,,,,,,,,,,9.3,9.3,9.3,9.3,3,0.0,22,1.0,0.1,0.0,-7.93,-6.58,-5.64,-6.78,3,1.69,22,1.0,0.1,0.0,-7.35,-6.58,-4.57,-5.97,3,2.1,22,1.0,0.1,0.0,1029.27,1034.75,1035.56,1033.12,6,3.28,22,1.0,0.1,0.1,,,,,,,,,,,,,,,,,,,,,,,,,,,,,,,,,,,,,,,,,,,,,,,,,,,,,,,,,,,,,,,,,,,,,,,,,,,,,,,,,,,,,,,,,,,,,,,,,,,,,,,,,,,,,,,,,,,,,,,,
1813/5,332.0,42.0,,,,,,,,,,,,,,,,,,,,,,,,,,,,,,,,,,,,,,,,,7.94,9.3,9.3,8.65,4,1.3,26,1.0,0.7,0.6,3.63,3.63,3.69,3.66,4,0.06,26,1.0,0.7,0.6,-8.56,-8.56,-6.99,-7.81,4,1.5,26,1.0,0.7,0.6,1021.26,1024.1,1026.34,1023.67,6,2.83,26,1.0,0.8,0.6,,,,,,,,,,,,,,,,,,,,,,,,,,,,,,,,,,,,,,,,,,,,,,,,,,,,,,,,,,,,,,,,,,,,,,,,,,,,,,,,,,,,,,,,,,,,,,,,,,,,,,,,,,,,,,,,,,,,,,,,
1813/5,334.0,-8.0,,,,,,,,,,,,,,,,,,,,,,,,,,,,,,,,,,,,,,,,,6.7,6.7,6.7,6.7,1,0.0,20,1.0,0.1,1.0,-5.42,-5.42,-5.42,-5.42,1,0.0,20,1.0,0.1,1.0,3.94,3.94,3.94,3.94,1,0.0,20,1.0,0.1,1.0,1007.8,1007.8,1007.8,1007.8,1,0.0,16,1.0,0.1,0.8,,,,,,,,,,,,,,,,,,,,,,,,,,,,,,,,,,,,,,,,,,,,,,,,,,,,,,,,,,,,,,,,,,,,,,,,,,,,,,,,,,,,,,,,,,,,,,,,,,,,,,,,,,,,,,,,,,,,,,,,
1813/5,334.0,-6.0,,,,,,,,,,,,,,,,,,,,,,,,,,,,,,,,,,,,,,,,,6.7,6.7,6.7,6.7,1,0.0,18,1.0,0.2,0.4,-6.12,-6.12,-6.12,-6.12,1,0.0,18,1.0,0.2,0.4,2.73,2.73,2.73,2.73,1,0.0,18,1.0,0.2,0.4,1009.31,1012.55,1015.79,1012.55,2,6.72,16,1.0,0.8,0.8,,,,,,,,,,,,,,,,,,,,,,,,,,,,,,,,,,,,,,,,,,,,,,,,,,,,,,,,,,,,,,,,,,,,,,,,,,,,,,,,,,,,,,,,,,,,,,,,,,,,,,,,,,,,,,,,,,,,,,,,
1813/5,334.0,-4.0,,,,,,,,,,,,,,,,,,,,,,,,,,,,,,,,,,,,,,,,,12.3,12.3,12.3,12.3,1,0.0,14,1.0,1.0,0.8,-12.03,-12.03,-12.03,-12.03,1,0.0,14,1.0,1.0,0.8,2.56,2.56,2.56,2.56,1,0.0,14,1.0,1.0,0.8,1007.8,1007.8,1007.8,1007.8,1,0.0,14,1.0,1.0,0.8,,,,,,,,,,,,,,,,,,,,,,,,,,,,,,,,,,,,,,,,,,,,,,,,,,,,,,,,,,,,,,,,,,,,,,,,,,,,,,,,,,,,,,,,,,,,,,,,,,,,,,,,,,,,,,,,,,,,,,,,
1813/5,334.0,34.0,,,,,,,,,,,,,,,,,,,,,,,,,,,,,,,,,,,,,,,,,1.0,1.0,1.0,1.0,1,0.0,16,1.0,0.1,0.8,-0.73,-0.73,-0.73,-0.73,1,0.0,16,1.0,0.1,0.8,-0.68,-0.68,-0.68,-0.68,1,0.0,16,1.0,0.1,0.8,1019.73,1027.1,1029.97,1025.21,10,4.85,16,1.0,0.3,0.7,,,,,,,,,,,,,,,,,,,,,,,,,,,,,,,,,,,,,,,,,,,,,,,,,,,,,,,,,,,,,,,,,,,,,,,,,,,,,,,,,,,,,,,,,,,,,,,,,,,,,,,,,,,,,,,,,,,,,,,,
1813/5,334.0,36.0,,,,,,,,,,,,,,,,,,,,,,,,,,,,,,,,,,,,,,,,,1.24,2.6,4.75,2.98,4,2.77,18,1.0,0.1,0.4,-4.66,-2.4,-1.13,-2.87,4,2.79,18,1.0,0.1,0.4,-0.49,0.12,0.67,0.09,4,0.82,18,1.0,0.1,0.4,1025.05,1029.1,1030.93,1028.14,14,3.1,18,1.0,0.2,0.3,,,,,,,,,,,,,,,,,,,,,,,,,,,,,,,,,,,,,,,,,,,,,,,,,,,,,,,,,,,,,,,,,,,,,,,,,,,,,,,,,,,,,,,,,,,,,,,,,,,,,,,,,,,,,,,,,,,,,,,,
1813/5,334.0,42.0,,,,,,,,,,,,,,,,,,,,,,,,,,,,,,,,,,,,,,,,,1.0,1.0,1.33,1.27,6,0.65,26,1.0,0.6,0.8,-0.39,0.08,0.94,0.21,6,0.64,26,1.0,0.6,0.8,0.65,0.92,1.27,0.96,6,0.88,26,1.0,0.6,0.8,1018.26,1023.3,1025.56,1022.37,9,3.43,26,1.0,0.5,0.8,,,,,,,,,,,,,,,,,,,,,,,,,,,,,,,,,,,,,,,,,,,,,,,,,,,,,,,,,,,,,,,,,,,,,,,,,,,,,,,,,,,,,,,,,,,,,,,,,,,,,,,,,,,,,,,,,,,,,,,,
1813/5,336.0,-2.0,,,,,,,,,,,,,,,,,,,,,,,,,,,,,,,,,,,,,,,,,9.3,9.3,9.3,9.3,2,0.0,14,1.0,0.8,0.8,-8.43,-8.14,-7.85,-8.14,2,0.6,14,1.0,0.8,0.8,3.88,4.42,4.95,4.42,2,1.11,14,1.0,0.8,0.8,1007.2,1007.2,1007.2,1007.2,1,0.0,14,1.0,0.1,0.8,,,,,,,,,,,,,,,,,,,,,,,,,,,,,,,,,,,,,,,,,,,,,,,,,,,,,,,,,,,,,,,,,,,,,,,,,,,,,,,,,,,,,,,,,,,,,,,,,,,,,,,,,,,,,,,,,,,,,,,,
1813/5,336.0,0.0,,,,,,,,,,,,,,,,,,,,,,,,,,,,,,,,,,,,,,,,,7.11,8.0,8.89,8.0,2,1.84,14,1.0,0.7,0.6,-7.95,-6.65,-5.34,-6.65,2,2.7,14,1.0,0.7,0.6,3.81,4.19,4.56,4.19,2,0.78,14,1.0,0.7,0.6,1007.8,1007.8,1007.8,1007.8,1,0.0,12,1.0,0.6,0.7,,,,,,,,,,,,,,,,,,,,,,,,,,,,,,,,,,,,,,,,,,,,,,,,,,,,,,,,,,,,,,,,,,,,,,,,,,,,,,,,,,,,,,,,,,,,,,,,,,,,,,,,,,,,,,,,,,,,,,,,
1813/5,336.0,36.0,,,,,,,,,,,,,,,,,,,,,,,,,,,,,,,,,,,,,,,,,9.3,9.3,12.3,10.5,5,1.64,2,1.0,0.3,0.1,1.45,8.5,9.5,5.5,5,7.23,2,1.0,0.3,0.1,-8.0,-5.0,-3.78,-5.89,5,2.65,2,1.0,0.3,0.1,1005.19,1015.75,1022.85,1014.1,4,10.47,10,1.0,0.1,0.1,,,,,,,,,,,,,,,,,,,,,,,,,,,,,,,,,,,,,,,,,,,,,,,,,,,,,,,,,,,,,,,,,,,,,,,,,,,,,,,,,,,,,,,,,,,,,,,,,,,,,,,,,,,,,,,,,,,,,,,,
1813/5,336.0,40.0,,,,,,,,,,,,,,,,,,,,,,,,,,,,,,,,,,,,,,,,,2.6,2.6,2.6,2.6,1,0.0,24,1.0,0.5,1.0,2.6,2.6,2.6,2.6,1,0.0,24,1.0,0.5,1.0,0.05,0.05,0.05,0.05,1,0.0,24,1.0,0.5,1.0,1028.4,1028.4,1028.4,1028.4,1,0.0,24,1.0,0.5,1.0,,,,,,,,,,,,,,,,,,,,,,,,,,,,,,,,,,,,,,,,,,,,,,,,,,,,,,,,,,,,,,,,,,,,,,,,,,,,,,,,,,,,,,,,,,,,,,,,,,,,,,,,,,,,,,,,,,,,,,,,
1813/5,338.0,2.0,,,,,,,,,,,,,,,,,,,,,,,,,,,,,,,,,,,,,,,,,0.0,0.0,5.96,2.0,8,3.77,10,1.0,0.7,0.7,-2.23,0.0,0.0,-1.0,8,2.01,10,1.0,0.7,0.7,0.0,0.0,5.52,1.72,8,3.2,10,1.0,0.7,0.7,1008.79,1008.9,1009.8,1009.26,5,0.75,10,1.0,0.7,0.6,,,,,,,,,,,,,,,,,,,,,,,,,,,,,,,,,,,,,,,,,,,,,,,,,,,,,,,,,,,,,,,,,,,,,,,,,,,,,,,,,,,,,,,,,,,,,,,,,,,,,,,,,,,,,,,,,,,,,,,,
1813/5,338.0,4.0,,,,,,,,,,,,,,,,,,,,,,,,,,,,,,,,,,,,,,,,,0.0,0.0,1.0,0.37,8,0.52,6,1.0,0.7,0.3,-0.46,0.0,0.0,-0.01,8,0.46,6,1.0,0.7,0.3,-0.75,0.0,0.0,-0.18,8,0.42,6,1.0,0.7,0.3,1008.06,1008.4,1008.47,1008.27,3,0.32,2,1.0,0.7,0.5,,,,,,,,,,,,,,,,,,,,,,,,,,,,,,,,,,,,,,,,,,,,,,,,,,,,,,,,,,,,,,,,,,,,,,,,,,,,,,,,,,,,,,,,,,,,,,,,,,,,,,,,,,,,,,,,,,,,,,,,
1813/5,338.0,36.0,,,,,,,,,,,,,,,,,,,,,,,,,,,,,,,,,,,,,,,,,1.0,1.0,1.0,1.0,1,0.0,18,1.0,0.1,0.0,-0.98,-0.98,-0.98,-0.98,1,0.0,18,1.0,0.1,0.0,-0.17,-0.17,-0.17,-0.17,1,0.0,18,1.0,0.1,0.0,1027.72,1028.2,1028.68,1028.2,2,0.99,18,1.0,0.2,0.4,,,,,,,,,,,,,,,,,,,,,,,,,,,,,,,,,,,,,,,,,,,,,,,,,,,,,,,,,,,,,,,,,,,,,,,,,,,,,,,,,,,,,,,,,,,,,,,,,,,,,,,,,,,,,,,,,,,,,,,,
1813/5,338.0,38.0,,,,,,,,,,,,,,,,,,,,,,,,,,,,,,,,,,,,,,,,,8.35,9.3,9.3,8.78,5,1.16,4,1.0,0.3,0.3,7.68,9.06,9.21,8.45,5,1.27,4,1.0,0.3,0.3,-2.71,-1.61,0.67,-1.08,5,2.31,4,1.0,0.3,0.3,1012.4,1012.4,1012.4,1012.4,1,0.0,4,1.0,0.0,0.3,,,,,,,,,,,,,,,,,,,,,,,,,,,,,,,,,,,,,,,,,,,,,,,,,,,,,,,,,,,,,,,,,,,,,,,,,,,,,,,,,,,,,,,,,,,,,,,,,,,,,,,,,,,,,,,,,,,,,,,,
1813/5,338.0,40.0,,,,,,,,,,,,,,,,,,,,,,,,,,,,,,,,,,,,,,,,,9.3,9.3,9.3,9.3,1,0.0,4,1.0,1.0,0.3,7.62,7.62,7.62,7.62,1,0.0,4,1.0,1.0,0.3,5.33,5.33,5.33,5.33,1,0.0,4,1.0,1.0,0.3,1000.3,1000.3,1000.3,1000.3,1,0.0,4,1.0,1.0,0.3,,,,,,,,,,,,,,,,,,,,,,,,,,,,,,,,,,,,,,,,,,,,,,,,,,,,,,,,,,,,,,,,,,,,,,,,,,,,,,,,,,,,,,,,,,,,,,,,,,,,,,,,,,,,,,,,,,,,,,,,
1813/5,338.0,44.0,,,,,,,,,,,,,,,,,,,,,,,,,,,,,,,,,,,,,,,,,11.2,19.0,19.0,15.72,5,4.61,28,1.0,0.3,0.5,-2.64,-1.33,4.77,0.51,5,4.46,28,1.0,0.3,0.5,9.95,18.35,18.95,14.98,5,5.42,28,1.0,0.3,0.5,1012.07,1014.95,1016.5,1014.73,8,3.17,28,1.0,0.4,0.5,,,,,,,,,,,,,,,,,,,,,,,,,,,,,,,,,,,,,,,,,,,,,,,,,,,,,,,,,,,,,,,,,,,,,,,,,,,,,,,,,,,,,,,,,,,,,,,,,,,,,,,,,,,,,,,,,,,,,,,,
1813/5,338.0,46.0,,,,,,,,,,,,,,,,,,,,,,,,,,,,,,,,,,,,,,,,,12.3,12.3,12.3,12.3,1,0.0,28,1.0,0.2,0.1,12.27,12.27,12.27,12.27,1,0.0,28,1.0,0.2,0.1,0.86,0.86,0.86,0.86,1,0.0,28,1.0,0.2,0.1,1007.1,1007.1,1007.1,1007.1,1,0.0,28,1.0,0.2,0.1,,,,,,,,,,,,,,,,,,,,,,,,,,,,,,,,,,,,,,,,,,,,,,,,,,,,,,,,,,,,,,,,,,,,,,,,,,,,,,,,,,,,,,,,,,,,,,,,,,,,,,,,,,,,,,,,,,,,,,,,
1813/5,340.0,4.0,,,,,,,,,,,,,,,,,,,,,,,,,,,,,,,,,,,,,,,,,0.0,0.0,0.0,0.0,2,0.0,6,1.0,0.4,0.4,0.0,0.0,0.0,0.0,2,0.0,6,1.0,0.4,0.4,0.0,0.0,0.0,0.0,2,0.0,6,1.0,0.4,0.4,1008.75,1008.85,1008.95,1008.85,2,0.21,2,1.0,0.3,0.5,,,,,,,,,,,,,,,,,,,,,,,,,,,,,,,,,,,,,,,,,,,,,,,,,,,,,,,,,,,,,,,,,,,,,,,,,,,,,,,,,,,,,,,,,,,,,,,,,,,,,,,,,,,,,,,,,,,,,,,,
1813/5,340.0,20.0,,,,,,,,,,,,,,,,,,,,,,,,,,,,,,,,,,,,,,,,,9.78,10.8,11.82,10.8,2,2.12,26,1.0,0.2,0.6,-7.08,-4.64,-2.21,-4.64,2,5.05,26,1.0,0.2,0.6,-11.0,-8.31,-5.62,-8.31,2,5.58,26,1.0,0.2,0.6,1020.6,1020.6,1020.6,1020.6,1,0.0,26,1.0,0.2,0.7,,,,,,,,,,,,,,,,,,,,,,,,,,,,,,,,,,,,,,,,,,,,,,,,,,,,,,,,,,,,,,,,,,,,,,,,,,,,,,,,,,,,,,,,,,,,,,,,,,,,,,,,,,,,,,,,,,,,,,,,
1813/5,340.0,40.0,,,,,,,,,,,,,,,,,,,,,,,,,,,,,,,,,,,,,,,,,19.0,19.0,19.0,19.0,1,0.0,4,1.0,0.4,0.3,15.56,15.56,15.56,15.56,1,0.0,4,1.0,0.4,0.3,10.9,10.9,10.9,10.9,1,0.0,4,1.0,0.4,0.3,994.4,994.4,994.4,994.4,1,0.0,4,1.0,0.2,0.3,,,,,,,,,,,,,,,,,,,,,,,,,,,,,,,,,,,,,,,,,,,,,,,,,,,,,,,,,,,,,,,,,,,,,,,,,,,,,,,,,,,,,,,,,,,,,,,,,,,,,,,,,,,,,,,,,,,,,,,,
1813/5,342.0,26.0,,,,,,,,,,,,,,,,,,,,,,,,,,,,,,,,,,,,,,,,,9.3,9.3,9.3,9.3,1,0.0,24,1.0,0.4,0.0,-5.6,-5.6,-5.6,-5.6,1,0.0,24,1.0,0.4,0.0,-7.43,-7.43,-7.43,-7.43,1,0.0,24,1.0,0.4,0.0,1020.8,1020.8,1020.8,1020.8,1,0.0,24,1.0,0.4,0.1,,,,,,,,,,,,,,,,,,,,,,,,,,,,,,,,,,,,,,,,,,,,,,,,,,,,,,,,,,,,,,,,,,,,,,,,,,,,,,,,,,,,,,,,,,,,,,,,,,,,,,,,,,,,,,,,,,,,,,,,
1813/5,342.0,42.0,,,,,,,,,,,,,,,,,,,,,,,,,,,,,,,,,,,,,,,,,6.7,6.7,10.52,8.57,3,3.23,6,1.0,0.4,0.4,4.79,5.62,6.35,5.57,3,1.14,6,1.0,0.4,0.4,-2.38,0.35,7.95,2.73,3,7.84,6,1.0,0.4,0.4,996.77,998.0,999.23,998.0,2,2.55,6,1.0,0.2,0.3,,,,,,,,,,,,,,,,,,,,,,,,,,,,,,,,,,,,,,,,,,,,,,,,,,,,,,,,,,,,,,,,,,,,,,,,,,,,,,,,,,,,,,,,,,,,,,,,,,,,,,,,,,,,,,,,,,,,,,,,
1813/5,342.0,46.0,,,,,,,,,,,,,,,,,,,,,,,,,,,,,,,,,,,,,,,,,7.94,10.8,15.81,11.83,4,5.3,28,1.0,0.2,0.1,7.37,9.71,14.88,11.06,4,5.21,28,1.0,0.2,0.1,2.85,4.5,5.17,4.03,4,1.62,28,1.0,0.2,0.1,1005.5,1009.4,1011.0,1008.29,7,2.82,28,1.0,0.2,0.1,,,,,,,,,,,,,,,,,,,,,,,,,,,,,,,,,,,,,,,,,,,,,,,,,,,,,,,,,,,,,,,,,,,,,,,,,,,,,,,,,,,,,,,,,,,,,,,,,,,,,,,,,,,,,,,,,,,,,,,,
1813/5,344.0,44.0,,,,,,,,,,,,,,,,,,,,,,,,,,,,,,,,,,,,,,,,,6.7,8.0,9.3,8.0,4,1.5,6,1.0,0.4,0.6,6.17,6.88,7.43,6.8,4,0.73,6,1.0,0.4,0.6,0.26,4.27,5.6,2.99,4,3.67,6,1.0,0.4,0.6,1002.4,1002.4,1002.4,1002.4,1,0.0,6,1.0,0.2,0.5,,,,,,,,,,,,,,,,,,,,,,,,,,,,,,,,,,,,,,,,,,,,,,,,,,,,,,,,,,,,,,,,,,,,,,,,,,,,,,,,,,,,,,,,,,,,,,,,,,,,,,,,,,,,,,,,,,,,,,,,
1813/5,344.0,46.0,,,,,,,,,,,,,,,,,,,,,,,,,,,,,,,,,,,,,,,,,9.3,10.8,16.14,12.43,6,4.03,30,1.0,0.8,0.9,1.29,5.6,8.36,4.26,6,5.15,30,1.0,0.8,0.9,4.08,9.92,15.26,10.09,6,5.6,30,1.0,0.8,0.9,1006.72,1013.1,1028.97,1014.78,8,11.13,30,1.0,0.8,0.9,,,,,,,,,,,,,,,,,,,,,,,,,,,,,,,,,,,,,,,,,,,,,,,,,,,,,,,,,,,,,,,,,,,,,,,,,,,,,,,,,,,,,,,,,,,,,,,,,,,,,,,,,,,,,,,,,,,,,,,,
1813/5,346.0,46.0,,,,,,,,,,,,,,,,,,,,,,,,,,,,,,,,,,,,,,,,,3.9,6.7,6.7,5.33,3,2.37,8,1.0,0.4,0.4,-0.83,2.18,2.18,0.71,3,2.55,8,1.0,0.4,0.4,2.92,6.33,6.33,4.67,3,2.88,8,1.0,0.4,0.4,999.88,1000.9,1001.92,1000.9,2,2.12,8,1.0,0.5,0.5,,,,,,,,,,,,,,,,,,,,,,,,,,,,,,,,,,,,,,,,,,,,,,,,,,,,,,,,,,,,,,,,,,,,,,,,,,,,,,,,,,,,,,,,,,,,,,,,,,,,,,,,,,,,,,,,,,,,,,,,
1813/5,348.0,48.0,,,,,,,,,,,,,,,,,,,,,,,,,,,,,,,,,,,,,,,,,2.27,4.65,9.92,5.75,6,4.45,16,1.0,0.9,0.3,-2.14,1.2,2.92,0.42,6,4.42,16,1.0,0.9,0.3,1.41,2.22,9.41,4.35,6,4.12,16,1.0,0.9,0.3,1006.73,1015.6,1021.27,1014.03,3,10.74,24,1.0,0.9,0.4,,,,,,,,,,,,,,,,,,,,,,,,,,,,,,,,,,,,,,,,,,,,,,,,,,,,,,,,,,,,,,,,,,,,,,,,,,,,,,,,,,,,,,,,,,,,,,,,,,,,,,,,,,,,,,,,,,,,,,,,
1813/5,350.0,48.0,,,,,,,,,,,,,,,,,,,,,,,,,,,,,,,,,,,,,,,,,9.3,9.3,9.3,9.3,1,0.0,30,1.0,0.1,0.5,-3.93,-3.93,-3.93,-3.93,1,0.0,30,1.0,0.1,0.5,8.43,8.43,8.43,8.43,1,0.0,30,1.0,0.1,0.5,1007.25,1016.4,1017.27,1011.18,6,12.14,26,1.0,0.3,0.5,,,,,,,,,,,,,,,,,,,,,,,,,,,,,,,,,,,,,,,,,,,,,,,,,,,,,,,,,,,,,,,,,,,,,,,,,,,,,,,,,,,,,,,,,,,,,,,,,,,,,,,,,,,,,,,,,,,,,,,,
1813/5,352.0,48.0,,,,,,,,,,,,,,,,,,,,,,,,,,,,,,,,,,,,,,,,,8.35,9.3,12.84,10.72,5,4.76,26,1.0,0.5,0.8,-9.84,-7.12,-2.59,-6.13,5,7.14,26,1.0,0.5,0.8,5.3,5.98,8.25,6.85,5,3.1,26,1.0,0.5,0.8,1011.84,1016.3,1021.62,1017.04,5,6.52,30,1.0,0.7,0.8,,,,,,,,,,,,,,,,,,,,,,,,,,,,,,,,,,,,,,,,,,,,,,,,,,,,,,,,,,,,,,,,,,,,,,,,,,,,,,,,,,,,,,,,,,,,,,,,,,,,,,,,,,,,,,,,,,,,,,,,
